"title","description","poster_url","brochure_url","category"
"VibeNova","VibeNovais an AI-assisted coding competition where participants use a designated chatbot and a strictly limited number of prompts to build a target implementation. The challenge tests strategic prompting, requirement understanding, debugging, and practical AI-assisted development. Participants must submit a GitHub repository and present their solution to judges. The winner is determined by functional accuracy, requirement matching, visual similarity, behaviour, presentation, and repository integrity.","https://ik.imagekit.io/b4kmkfgaod/innovision/events/event_vibenova_8ed2093d9a12.webp","https://drive.google.com/open?id=1cFuTqq8SB15gMvWyglhKCg6qtXRTqkAP","standout events"
"NEBULA NEXUS","Nebula Nexus is a celestial-themed maze-solving challenge by the Algorithm & Programming Society (APS), NIT Rourkela, proposed for Innovision. Participants navigate through a maze while solving aptitude and logical reasoning questions at different checkpoints. They can choose from Easy, Medium, or Hard levels, each offering varying complexity and scoring. The event combines strategy, accuracy, logical thinking, and time management in an engaging competitive format.","https://ik.imagekit.io/b4kmkfgaod/innovision/events/event_nebula-nexus_0cc3815afb35.webp","https://drive.google.com/open?id=1j_KKRQ9XJhu_53wZplPd6rEUH32daDn4","flagship events"
"Stellar Night","Stellar Night, the flagship event of AstroNITR during INNOVISION, is an overnight stargazing session that brings participants closer to the wonders of the night sky. Through telescope observations, participants can explore planets, stars, constellations, and other celestial objects. The event offers a unique opportunity to experience astronomy firsthand, fostering curiosity and appreciation for the cosmos under the serene night sky.","https://ik.imagekit.io/b4kmkfgaod/innovision/events/event_stellar-night_110fe7323c25.webp","https://drive.google.com/open?id=1maQ1dSB0PelrFhWekMOIEhVODTnMdrML","flagship events"
"Cosmic Treasury","The Cosmic Treasury is a space-themed finance strategy game where teams manage a fictional colony with 10,000 Cosmic Credits. Over six rounds, participants trade assets, react to market decrees, use secret intelligence, negotiate, participate in an auction, make investments, and take calculated risks. The winner is the team with the highest final Cosmic Wealth, testing financial judgement, strategy, timing, information use, and risk management.","https://ik.imagekit.io/b4kmkfgaod/innovision/events/event_cosmic-treasury_70a4ae8341e8.webp","https://drive.google.com/open?id=1R2hA-gaHEJm2-aPK2SYYl1jY6Zwaadby","main events"
"AetherHack","AetherHack is a national ideathon by INSPIRE, the Science and Research Club of NIT Rourkela. Open to college students across India, it invites original ideas in Sustainability, Robotics, Healthcare and an Open Track. Round 1 is online on Unstop with a written abstract. Ten finalists then pitch offline at Innovision before a professor panel. Winners share a ₹5,000 prize pool, enjoy three days of Innovision, and receive professor mentorship.","https://ik.imagekit.io/b4kmkfgaod/innovision/events/event_aetherhack_48f3e4f2039a.webp","https://drive.google.com/open?id=1KXMdURmzyUWBdvyIuNqS0lMlNxUZ8HXx","main events"
"Mazehunt","Mazehunt is a fun, space-themed maze challenge where participants work in pairs to explore, solve clues, and complete seven different checkpoints. Each stage tests skills like observation, logical thinking, teamwork, creativity, and quick decision-making. The event turns a simple maze into a journey through space, making participants think, explore, compete, and enjoy the experience together.","https://ik.imagekit.io/b4kmkfgaod/innovision/events/event_mazehunt_9ce4da49bf9c.webp","https://drive.google.com/open?id=1CkEw1A7YJenguCMvO7f736WODvZ3ZiI0","flagship events"
"DRM Escape","Cyclone Kalinga hits in three hours, the phone networks are down, and your team is running the control room. Crack codes, race across campus, and make the calls that decide who gets help first. Grab two to four friends, bring a cool head, and walk in as students. Walk out as responders.","https://ik.imagekit.io/b4kmkfgaod/innovision/events/event_drm-escape_adbc3034f09d.webp","https://drive.google.com/open?id=10J2IV3r4ReX3huEhQ-cZKM45KSbDxQ78","main events"
"Earth 404","EARTH 404 is a two-day environmental and sustainability competition, with School Students participating on Day 1 and College Students on Day 2. The event challenges participants to understand, analyse, and respond to real-world ecological problems through engaging challenges that test environmental awareness, critical thinking, quick decision-making, analytical skills, and solution-building. Integrating technology, sustainability, and the celestial theme of INNOVISION, EARTH 404 takes participants from identifying environmental challenges to developing practical, innovative solutions.","https://ik.imagekit.io/b4kmkfgaod/innovision/events/event_earth-404_4e90e9bc839f.webp","https://drive.google.com/open?id=1b_EGSkSkVzlNSR_nRJX6M3X86wDZnqUk","main events"
"WEBCLONE MANIA","WebCloneMania is a timed web development competition in which participants recreate a website shown by the organisers at the beginning of the event. The goal is to reproduce its visual design, layout, responsiveness, and key interactions as closely as possible within the given time.","https://ik.imagekit.io/b4kmkfgaod/innovision/events/event_webclone-mania_23cd958af97c.webp","https://drive.google.com/open?id=1wYzBzmoUXsua67hUBGIrC29dErw7ZIBk","flagship events"
"Astronaut In Distress","Astronaut in Distress is a two-member team challenge that simulates high-pressure space mission emergencies. Teams take on the roles of Astronaut and Mission Control, working together to solve technical problems, interpret mission instructions, and complete hands-on tasks. With communication challenges, time pressure, and unexpected obstacles, participants must demonstrate teamwork, quick thinking, technical knowledge, and precise coordination to successfully complete their mission.","https://ik.imagekit.io/b4kmkfgaod/innovision/events/event_astronaut-in-distress_dca6f057e936.webp","https://drive.google.com/open?id=1q46yAiOXoxXdF1bOWiuYrW3xz-rjb5v1","main events"
"Dead Man's Switch","Each team consists of 2 or 3 participants. At the beginning of the event, the team will be randomly given a physical challenge. The selected participant will be designated as the “Dead Man” and must continuously perform the assigned physical activity while the remaining team members attempt to complete two consecutive challenges.
 The two stages are:
 1. Puzzle Challenge
 2. Buzz Wire Challenge
 After successfully completing both stages, the team will receive two clues. Using these clues, the Dead Man must identify and answer the final question within a maximum of three attempts.
 The team that completes the entire challenge in the minimum time will be declared the winner.
 
 Each team must complete the entire challenge within 150 seconds ( 2 minutes and 30 seconds).","https://ik.imagekit.io/b4kmkfgaod/innovision/events/event_dead-man-s-switch_3b0f126c240b.webp","https://drive.google.com/open?id=13tgCjfExSSh_Do9MXKTRT8Er-rNksxyr","main events"
"Innovathon","Innov-A-Thon 2026 is an entrepreneurship and innovation challenge organized by E-Cell as part of Innovision 2026. It encourages participants to think creatively, solve real-world problems, and develop impactful ideas. The event focuses on innovation, problem-solving, and entrepreneurial thinking, providing participants with a platform to transform bold ideas into practical solutions and meaningful impact.","https://ik.imagekit.io/b4kmkfgaod/innovision/events/event_innovathon_f933d734a509.webp","https://drive.google.com/open?id=1tKh_RWvNJCDlWevHVKKaKYrSPv2SbVBD","flagship events"
"OMEGA","Omega: The Ultimate Treasure Hunt"" is a thrilling adventurous event
 where logic, strategy and mathematical prowess are your keys to
 uncovering hidden treasures. In this event, participants will form teams
 and set out on a campus-wide hunt, following clues, solving puzzles, and
 cracking codes that lead to the ultimate prize. Each step of the way, they
 will encounter challenges that test their problem-solving abilities,
 creativity, and teamwork. The clues are designed to push their
 mathematical limits while keeping the excitement high.","https://ik.imagekit.io/b4kmkfgaod/innovision/events/event_omega_602bff1e784a.webp","https://drive.google.com/open?id=1C1vamP5Z4ALJO6rA-nKzveOKSjg1mYrh","flagship events"
"Case Carnival 2.0","National-level case competition with an online Round 1 and a one-day offline final.","https://ik.imagekit.io/b4kmkfgaod/innovision/events/event_case-carnival-2-0_2b342debdd65.webp","https://drive.google.com/open?id=1o2lsfWnc8lZPwbwO9FGUYS_UJTdfhdH8","standout events"
"Interstellar","Interstellar is a scientific problem-solving and chemical engineering team competition where participants tackle survival challenges across alien planets. Teams of 2–3 members are provided with different planets, their abundant elements, and a specific inventory of available elements. Using chemical reactions and valid equations, teams must design effective survival strategies. Their solutions are evaluated based on chemical accuracy, strategic viability, and overall effectiveness.","https://ik.imagekit.io/b4kmkfgaod/innovision/events/event_interstellar_7394f101d8fd.webp","https://drive.google.com/open?id=1gNafB-4CFgbBTiD4tl-GQL8u-7Nc7TzR","standout events"
"FINAL FRONTIER","Final Frontier is an action-packed Business Bulletin Club event designed to test business instinct, creativity, negotiation, and reflexes. Participants will compete across three engaging activities: 30-Minute CEO, featuring rapid-fire business challenges; Barter Boss, where participants create value through strategic trading; and Bottle Grab, testing speed and reflexes. With fast-paced challenges, competitive energy, and exciting prizes, the event transforms business skills into an interactive campus experience.","https://ik.imagekit.io/b4kmkfgaod/innovision/events/event_final-frontier_0fb6ab0f0347.webp","https://drive.google.com/open?id=19CE4cJIPb9BKMQB-M4zut8FiNyqRoyam","main events"
"NOVAGRID","Mission NovaGrid is an interactive space-themed strategy game where players must find a new habitable planet after their home planet is destroyed. With limited fuel and credits, every route and decision matters. Players solve challenges, manage resources, and test different planets while adapting to unexpected outcomes. Designed for individuals or teams, the game combines strategy, problem-solving, and suspense in an engaging 15–20 minute experience.","https://ik.imagekit.io/b4kmkfgaod/innovision/events/event_novagrid_faf3a191cf37.webp","https://drive.google.com/open?id=1cZLo9koLGTR_aMuiLjKovuvidmbgqhJD","main events"
"LITTLE SCIENCE YARD","Little Science Yard (LSY) is AASRA’s annual flagship science exhibition designed to ignite curiosity and creative thinking among underprivileged students across various sectors. The event brings young minds together to showcase innovative working models and science projects at NIT Rourkela. Through interactive demonstrations, hands-on learning, and mentorship, LSY offers these students a unique platform to explore scientific concepts, build confidence, and present their ideas to an audience.","https://ik.imagekit.io/b4kmkfgaod/innovision/events/event_little-science-yard_835e8959f44a.webp","https://drive.google.com/open?id=19ZSdcmYeqBxIyyk-ZPULGpZJg6gZjP6v","main events"
"CYCLOTHON 5.0","Cyclothon 2026 is a cycling marathon organized by the SDG Campus Club every year as part of INNOVISION Fest. The event aims to promote sustainable transportation, environmental awareness, physical fitness, and active participation in building a healthier and more sustainable future. Participants take 2 rounds of the entire campus starting from Jagda Gate, covering a total of 17 checkpoints, corresponding to the 17 Sustainable Development Goals given by the United Nations.","https://ik.imagekit.io/b4kmkfgaod/innovision/events/event_cyclothon-5-0_9ad4b884ddde.webp","https://drive.google.com/open?id=1zc4GkhUX2MlzzxBx_6BZGNUolOghUXAd","main events"
"Design Dash","Design Dash is a fast-paced, four-stage design competition that challenges creativity, observation, problem-solving, and teamwork. Participants will race through activities including finding colour matches, navigating a design maze, solving scribble-based challenges, and building paper planes. Each round tests a different design skill, while speed and accuracy add to the excitement. The team with the best overall performance will emerge as the winner.","https://ik.imagekit.io/b4kmkfgaod/innovision/events/event_design-dash_79212baa06a5.webp","https://drive.google.com/open?id=1JmTp6ei8vuZYCswY3aJxfcdI4SX3lj_2","standout events"
"Cosmic Brawl","Cosmic Brawl is an action-packed gaming event bringing together immersive VR combat and high-speed racing under one roof. Participants can step into the arena with Cosmic Brawl VR, battling opponents in an exciting virtual experience, or take on Veloche V2, testing their speed, precision, and racing skills. Get ready for an adrenaline-filled gaming experience!","https://ik.imagekit.io/b4kmkfgaod/innovision/events/event_cosmic-brawl_5fb62d753fdb.webp","https://drive.google.com/open?id=1GZwIC8Re8cj7QL2gclzx8ydfBKbM2kAN","standout events"
"Virtual racing competition","The Virtual Racing Championship offers participants an immersive, high-fidelity motorsport
 driving experience. Utilizing professional-grade simulator hardware and software, the event
 replicates real-world Formula-style racing dynamics. Participants navigate technical virtual
 circuits, competing for the fastest lap time on a live updated leaderboard.","https://ik.imagekit.io/b4kmkfgaod/innovision/events/event_virtual-racing-competition_3042dcd7313f.webp","https://drive.google.com/open?id=17ZfrhsWmd9rhnUO1e8QhX-V_FLMa6eVC","main events"
"Intelligent Trader 12.0","A fun trading event, where participants predict hardships and their solutions to navigate their path through a series of challenges. Participants participate strategically in an auction round, followed by multiple trading rounds to ultimately gather enough ammunition to successfully complete all missions and their journey, while spending their money carefully.","https://ik.imagekit.io/b4kmkfgaod/innovision/events/event_intelligent-trader-12-0_f825689c8e4a.webp","https://drive.google.com/open?id=1onoDBlKL2VMnqSJaCfRGaGZHs1J_I2cT","main events"
"Roadies: The Food Saga 4.0","In Innovision 2026, our club FTS will be hosting an event
 titled Roadies: The Food Saga 4.0. The event will
 consist of three exciting rounds designed to showcase our
 passion for Food Technology while blending it with fun
 and creativity.
 Round-1
 In the first round, participants will be grouped as per the
 set limit and provided with a Dalgona cookie. They will
 be required to carve it into a specific shape within a given
 time limit.
 Round-2
 Participants who fail to complete the task will be
 eliminated and will not qualify for the second round,
 which will feature a rapid-fire quiz on topics related to
 food safety, nutrition, and technology. 
 Round-3
 The final round will feature blindfolded participants who
 must identify different food items using their senses. This
 round highlights the importance of sensory analysis in
 making food more appealing to consumers.","https://ik.imagekit.io/b4kmkfgaod/innovision/events/event_roadies-the-food-saga-4-0_d3b708ea5263.webp","https://drive.google.com/open?id=1QPVMNVuJBBpYlv_DjtclMNFxSMfseROd","standout events"
"Circuit Heist","Circuit Heist is a two-day, team-based technical challenge where participants have to recover a sabotaged electronic system. Instead of solving five independent questions, they progress through a connected chain of challenges. They first decode a digital clue, then debug an electronic circuit, solve a logic lock, analyze a timing waveform and finally complete a Verilog RTL challenge. Every successful stage gives them a key to access the next one. Hints and wrong submissions carry time penalties, so both technical ability and strategy matter. The final recovered keys lead to a system-recovery code, and teams are ranked based on their effective completion time.","https://ik.imagekit.io/b4kmkfgaod/innovision/events/event_circuit-heist_de4d95ed250c.webp","https://drive.google.com/open?id=1sui4hE-kS3ea8I6HaNHj-uQ7Az4SlLQi","main events"
"VELOCITY VORTEX","The Velocity Vortex competition challenges teams to race flying vehicles through an obstacle course, with the primary goal of achieving the fastest lap time. Teams get a brief 5-minute preparation period before the race starts, and once that time is up, no physical intervention with the vehicle is allowed. For a chance at extra points, vehicles can optionally pick up a provided ferromagnetic (steel) washer payload before the course and deliver it to the staging area afterward. The final score is calculated from the vehicle's lap ranking combined with any earned payload points. The teams with the highest overall scores will advance to a semi-final round, and the top five of those teams will then compete in the final race.","https://ik.imagekit.io/b4kmkfgaod/innovision/events/event_velocity-vortex_e5d060525e24.webp","https://drive.google.com/open?id=1rBcrGWVBpvtITfzbiNeAZ0vBTQTkKLkk","flagship events"
"Car Show","The Car Show is an interactive automotive exhibition and engineering showcase organized by Team Black Mamba Racing Electric during INNOVISION. The event features a display of student-designed competition vehicles, allowing attendees to closely examine key subsystems such as the chassis, suspension, powertrain, and electrical architectures while engaging with team members. Additionally, the vehicles of SAE NIT Rourkela will be running in the campus, providing live demonstrations of their performance and engineering capabilities","https://ik.imagekit.io/b4kmkfgaod/innovision/events/event_car-show_80729634fbea.webp","https://drive.google.com/open?id=1-TFHGYnKlcixIyruDfqPJRBG9hVvCO2q","standout events"
"REACT","REACT: The IIChE Engineering Challenge is an interactive, team-based
 chemical engineering competition that goes beyond the conventional quiz
 format by combining technical knowledge, problem-solving, strategy, and
 resource management. Participants will be provided with a limited set of
 stationery, hint tokens, process cards, and other resources, which they
 must use strategically to solve a series of chemical engineering challenges
 within a fixegived time. From constructing process flows and solving
 engineering problems to making critical decisions about when to use hints
 or conserve resources, every round will test the participants’ ability to think
 efficiently under constraints. The event aims to create an engaging and
 competitive environment where participants are rewarded not only for what
 they know, but also for how effectively they apply their knowledge, manage
 limited resources, and make decisions under pressure.","https://ik.imagekit.io/b4kmkfgaod/innovision/events/event_react_05a2ae71c816.webp","https://drive.google.com/open?id=1iOYLevLPY1M-X-RVN1V0NNZsIpfJF2ml","main events"
"Chem-E-Prix","Chem-E Prix is a contest where students design, build and operate a vehicle that uses chemical reactions to travel and stop after a specific given distance. The event provides a platform for students to apply the concepts of engineering and innovate a solution in a practical setting.","https://ik.imagekit.io/b4kmkfgaod/innovision/events/event_chem-e-prix_9cee704d8245.webp","https://drive.google.com/open?id=124wlMotkOil8rV3jQbSKe37IyoUYkOTc","flagship events"
"The Missing CEO","The Missing CEO is a business-focused corporate investigation and case-solving challenge where participants act as a review panel to uncover how organizational failures allowed a critical issue to remain hidden. Teams analyse fragmented information, question stakeholders, identify red flags, and connect evidence to diagnose failures in corporate governance, internal controls, reporting, and escalation mechanisms. The event tests strategic thinking, teamwork, analytical reasoning, and business decision-making","https://ik.imagekit.io/b4kmkfgaod/innovision/events/event_the-missing-ceo_8ae65c6f551c.webp","https://drive.google.com/open?id=1zAQLQtoR7Ckho92I7eM5ixqypxQaWQwy","standout events"
"Spancraft","SpanCraft is a bridge-building challenge where participants must design and construct a cable-stayed bridge along with its foundation under fixed material and budget constraints.
 
 Each team will receive a fixed initial budget to purchase foundation materials. Sand will be cheaper, while soil will be costlier but provide better foundation performance, forcing teams to make strategic decisions between cost and stability.
 
 For the bridge, teams will be provided with long wooden members and other specified materials. The completed bridge must satisfy the given dimensional requirements and will then be tested for its maximum load-bearing capacity.
 
 The winner will be the team that achieves the best combination of load capacity, dimensional accuracy and cost efficiency.","https://ik.imagekit.io/b4kmkfgaod/innovision/events/event_spancraft_f30c3c2e6c41.webp","https://drive.google.com/open?id=1kNlH5EQUfw64qa-afNMiNrJ1y5kRr-wC","standout events"
"Aeroprix","Aeroprix is the flagship aeromodelling competition of UDAAN, the official Aeromodelling Club of NIT Rourkela. Bringing together aviation enthusiasts, innovators, and aspiring engineers from across the country, Aeroprix challenges participants to design, build, and fly high-performance radio-controlled aircraft.","https://ik.imagekit.io/b4kmkfgaod/innovision/events/event_aeroprix_777ad9f6ab9e.webp","https://drive.google.com/open?id=1ZDyJJSBZ8YR6sLUzltu4-NsXYBOJ-x28","flagship events"
"MATERIALVERSE","""Material Verse"" is an interactive technical challenge where participants become engineering decision-makers and select suitable materials for real-world applications. Teams must balance strength, weight, cost, corrosion and temperature resistance, manufacturability, and service conditions. Using BIS Standard Cards and relevant Indian Standards, participants identify non-compliance, respond to unexpected conditions, and defend their final material selection through technical reasoning, standards-based decisions, and cost optimisation.","https://ik.imagekit.io/b4kmkfgaod/innovision/events/event_materialverse_b07e9d2e688a.webp","https://drive.google.com/open?id=1vVWWObgDVYiUyxpW2rcN_TzR4sq-ZSnx","main events"
